exact_2,  -- We simplify the hypothesis of 0 + x = 0 + y + 2 to x = x = y + 2.,"The formalized version of the statement is:

rw [zero_add] at h
rw [zero_add] at h","  rw [zero_add, zero_add] at h","y x : ℕ
h : x = y + 2
⊢ x = y + 2
","y x : ℕ
h : 0 + x = 0 + y + 2
⊢ x = y + 2
",No
exact_2,"  -- So, x = y + 2, which is exactly what we wanted to prove.",exact h,  exact h,,"y x : ℕ
h : 0 + x = 0 + y + 2
⊢ x = y + 2
",No
exact_2,  -- 0 + x = 0 + y + 2 -> 0 + x = y + 2,rw zero_add at h,  rw [← zero_add x],"y x : ℕ
h : 0 + x = 0 + y + 2
⊢ 0 + x = y + 2
","y x : ℕ
h : 0 + x = 0 + y + 2
⊢ x = y + 2
",No
exact_2,  -- 0 + x = y + 2 -> 0 + x = 0 + y + 2,"The formalized version of the given natural language statement is not necessary, as it is already provided in the state of the proof. Therefore, there's no Lean code that corresponds to the given natural language statement.",  rw [← zero_add y],"y x : ℕ
h : 0 + x = 0 + y + 2
⊢ 0 + x = 0 + y + 2
","y x : ℕ
h : 0 + x = 0 + y + 2
⊢ x = y + 2
",No
exact_2,  -- x = y + 2,exact h,  exact h,,"y x : ℕ
h : 0 + x = 0 + y + 2
⊢ x = y + 2
",No
zero_mul,-- Proof by induction on m with base case 0 * 0 = 0 and inductive step 0 * d + 1 = 0,induction m with d hd,induction m with d hd,"case zero
⊢ 0 * 0 = 0
case succ
d : ℕ
hd : 0 * d = 0
⊢ 0 * succ d = 0
","case zero
⊢ 0 * 0 = 0
case succ
d : ℕ
hd : 0 * d = 0
⊢ 0 * succ d = 0
",Yes
zero_mul,-- First prove base case. Simplify LHS 0 * 0 to 0,rw [mul_zero],rw [mul_zero],"case zero
⊢ 0 = 0
case succ
d : ℕ
hd : 0 * d = 0
⊢ 0 * succ d = 0
","case zero
⊢ 0 = 0
case succ
d : ℕ
hd : 0 * d = 0
⊢ 0 * succ d = 0
",Yes
zero_mul,-- The base case is not complete.,"The statement ""-- The base case is not complete."" does not have a direct formalized version in Lean, because it is a commentary on the state of the proof, rather than a step within the proof.",rfl,"case succ
d : ℕ
hd : 0 * d = 0
⊢ 0 * succ d = 0
","case zero
⊢ 0 = 0
case succ
d : ℕ
hd : 0 * d = 0
⊢ 0 * succ d = 0
",No
zero_mul,"-- Now for the inductive step. Rewrite LHS 0 * succ (d) to 0 * d + 0, using the definition of multiplication",rw [mul_succ],rw [mul_succ],"case succ
d : ℕ
hd : 0 * d = 0
⊢ 0 * d + 0 = 0
","case zero
⊢ 0 = 0
case succ
d : ℕ
hd : 0 * d = 0
⊢ 0 * succ d = 0
",Yes
zero_mul,-- Simplify the LHS 0 * d + 0 to 0 + 0 using the definition of addition,"This natural language statement can't be formalized due to mismatch with the current proof state. The LHS in the current state is 0 * succ d, not 0 * d + 0.",rw [add_zero],"case succ
d : ℕ
hd : 0 * d = 0
⊢ 0 * d = 0
","case zero
⊢ 0 = 0
case succ
d : ℕ
hd : 0 * d = 0
⊢ 0 * succ d = 0
",No
zero_mul,-- This is exactly the inductive hypothesis so we can complete the proof.,rfl,exact hd,,"case zero
⊢ 0 = 0
case succ
d : ℕ
hd : 0 * d = 0
⊢ 0 * succ d = 0
",No
zero_mul,-- Proof by induction on m with base case 0 * 0 = 0 and inductive step 0 * d + 1 = 0,induction m with d hd,induction m with d hd,"case zero
⊢ 0 * 0 = 0
case succ
d : ℕ
hd : 0 * d = 0
⊢ 0 * succ d = 0
","case zero
⊢ 0 * 0 = 0
case succ
d : ℕ
hd : 0 * d = 0
⊢ 0 * succ d = 0
",Yes
zero_mul,-- 0 * 0 = 0 -> 0 = 0,rw [mul_zero],rw [mul_zero],"case zero
⊢ 0 = 0
case succ
d : ℕ
hd : 0 * d = 0
⊢ 0 * succ d = 0
","case zero
⊢ 0 = 0
case succ
d : ℕ
hd : 0 * d = 0
⊢ 0 * succ d = 0
",Yes
zero_mul,-- That proves the base case.,rfl,rfl,"case succ
d : ℕ
hd : 0 * d = 0
⊢ 0 * succ d = 0
","case succ
d : ℕ
hd : 0 * d = 0
⊢ 0 * succ d = 0
",Yes
zero_mul,-- 0 * succ d = 0 -> 0 * d + 0 = 0 -> 0 * d = 0,"rw [mul_succ, hd, add_zero]","rw [mul_succ, add_zero]","case succ
d : ℕ
hd : 0 * d = 0
⊢ 0 * d = 0
","case succ
d : ℕ
hd : 0 * d = 0
⊢ 0 = 0
",No
zero_mul,-- This is exactly the inductive hypothesis so we can complete the proof.,rfl,exact hd,,,Yes
mul_left_ne_zero,-- Assume that b equals 0.,intro hd,intro hb,"a b : ℕ
h : a * b ≠ 0
hb : b = 0
⊢ False
","a b : ℕ
h : a * b ≠ 0
hd : b = 0
⊢ False
",Yes
mul_left_ne_zero,-- Have to show that a * b = 0,apply h,apply h,"a b : ℕ
h : a * b ≠ 0
hb : b = 0
⊢ a * b = 0
","a b : ℕ
h : a * b ≠ 0
hd : b = 0
⊢ a * b = 0
",Yes
mul_left_ne_zero,-- a * b = 0 -> a * 0 = 0 -> 0 = 0,"rw [hd, mul_zero]","rw [hb, mul_zero]","a b : ℕ
h : a * b ≠ 0
hb : b = 0
⊢ 0 = 0
","a b : ℕ
h : a * b ≠ 0
hd : b = 0
⊢ 0 = 0
",Yes
mul_left_ne_zero,-- We use reflexivity to prove the goal of 0 = 0.,rfl,rfl,,,Yes
mul_left_ne_zero,-- Assume that b equals 0.,intro hd,intro hd,"a b : ℕ
h : a * b ≠ 0
hd : b = 0
⊢ False
","a b : ℕ
h : a * b ≠ 0
hd : b = 0
⊢ False
",Yes
mul_left_ne_zero,-- subtitute b with 0 which gives us a * 0 != 0,"rw [hd, mul_zero] in h",rw [hd] at h,"a b : ℕ
h : a * 0 ≠ 0
hd : b = 0
⊢ False
",error,No
mul_left_ne_zero,-- a * 0 != 0 -> 0 != 0,"This statement can't be formalized in Lean because it's incorrect. In the context of natural numbers (ℕ), multiplying any number by 0 results in 0. Therefore, a * 0 can never be not equal to 0. The correct statement might be a != 0 -> a * 0 = 0, which can be formalized in Lean as:

forall (a : ℕ), a ≠ 0 -> a * 0 = 0",rw [mul_zero] at h,"a b : ℕ
h : 0 ≠ 0
hd : b = 0
⊢ False
",error,No
mul_left_ne_zero,-- We have 0 != 0 which is a contradiction.,"This natural language statement indicates a contradiction in the proof, but in Lean language isn't expressed as a specific line of code. Rather, reaching a contradiction usually means that the proof is incorrect or there's been a mistake in the reasoning, leading to an ""error"" state in Lean.",tauto,,error,No
add_left_comm,"  -- By associativity of addition, can change a + (b + c) into a + b + c",rw [← add_assoc],  rw [← add_assoc],"a b c : ℕ
⊢ a + b + c = b + (a + c)
","a b c : ℕ
⊢ a + b + c = b + (a + c)
",Yes
add_left_comm,"  -- By the commutativity, and associativity of addition, can change a + b + c into b + (a + c)","rw [add_comm a b, add_assoc]","  rw [add_comm a b, add_assoc]","a b c : ℕ
⊢ b + (a + c) = b + (a + c)
","a b c : ℕ
⊢ b + (a + c) = b + (a + c)
",Yes
add_left_comm,"  -- So we just need to show b + (a + c) = b + (a + c), which is true by reflexivity.",rfl,  rfl,,,Yes
add_left_comm,  -- a + (b + c) = b + (a + c) -> a + b + c = b + (a + c),rw [← add_assoc],  rw [← add_assoc],"a b c : ℕ
⊢ a + b + c = b + (a + c)
","a b c : ℕ
⊢ a + b + c = b + (a + c)
",Yes
add_left_comm,  -- a + b + c = b + (a + c) -> a + b + c = a + b + c,"This statement in Lean syntax would be:

rw [add_comm a b]",  rw [← add_assoc],"a b c : ℕ
⊢ a + b + c = b + a + c
","a b c : ℕ
⊢ a + b + c = b + (a + c)
",Yes
add_left_comm,  -- a + b + c = b + a + c,"The formalized version of the natural language statement is:
rw [add_comm a b]",  rw [add_comm a b],"a b c : ℕ
⊢ b + a + c = b + a + c
","a b c : ℕ
⊢ a + b + c = b + (a + c)
",No
add_left_comm,  -- lhs = rhs,rw add_assoc,  rfl,,"a b c : ℕ
⊢ a + b + c = b + (a + c)
",No
le_two,-- Either x = 0 or x = succ y for some natural number y.,cases x with y,cases x with y,"case zero
hx : 0 ≤ 2
⊢ 0 = 0 ∨ 0 = 1 ∨ 0 = 2
case succ
y : ℕ
hx : succ y ≤ 2
⊢ succ y = 0 ∨ succ y = 1 ∨ succ y = 2
","case zero
hx : 0 ≤ 2
⊢ 0 = 0 ∨ 0 = 1 ∨ 0 = 2
case succ
y : ℕ
hx : succ y ≤ 2
⊢ succ y = 0 ∨ succ y = 1 ∨ succ y = 2
",Yes
le_two,"-- In the former case, we need to show 0 = 0 ∨ 0 = 1 ∨ 0 = 2, and we choose to show 0 = 0.","left, rfl",left,"case zero.h
hx : 0 ≤ 2
⊢ 0 = 0
case succ
y : ℕ
hx : succ y ≤ 2
⊢ succ y = 0 ∨ succ y = 1 ∨ succ y = 2
","case zero.h
hx : 0 ≤ 2
⊢ 0 = 0
case succ
y : ℕ
hx : succ y ≤ 2
⊢ succ y = 0 ∨ succ y = 1 ∨ succ y = 2
",Yes
le_two,-- This is clear by reflexivity.,rfl,rfl,"case succ
y : ℕ
hx : succ y ≤ 2
⊢ succ y = 0 ∨ succ y = 1 ∨ succ y = 2
","case zero.h
hx : 0 ≤ 2
⊢ 0 = 0
case succ
y : ℕ
hx : succ y ≤ 2
⊢ succ y = 0 ∨ succ y = 1 ∨ succ y = 2
",Yes
le_two,"-- In the latter case, either y = 0 or y = succ z for some natural number z.",cases y with z,cases y with z,"case succ.zero
hx : succ 0 ≤ 2
⊢ succ 0 = 0 ∨ succ 0 = 1 ∨ succ 0 = 2
case succ.succ
z : ℕ
hx : succ (succ z) ≤ 2
⊢ succ (succ z) = 0 ∨ succ (succ z) = 1 ∨ succ (succ z) = 2
","case zero.h
hx : 0 ≤ 2
⊢ 0 = 0
case succ
y : ℕ
hx : succ y ≤ 2
⊢ succ y = 0 ∨ succ y = 1 ∨ succ y = 2
",Yes
le_two,"-- In the former case, we must show succ 0 = 0 ∨ succ 0 = 1 ∨ succ 0 = 2, and we choose to prove succ 0 = 1 ∨ succ 0 = _dev_2",right,right,"case succ.zero.h
hx : succ 0 ≤ 2
⊢ succ 0 = 1 ∨ succ 0 = 2
case succ.succ
z : ℕ
hx : succ (succ z) ≤ 2
⊢ succ (succ z) = 0 ∨ succ (succ z) = 1 ∨ succ (succ z) = 2
","case zero.h
hx : 0 ≤ 2
⊢ 0 = 0
case succ
y : ℕ
hx : succ y ≤ 2
⊢ succ y = 0 ∨ succ y = 1 ∨ succ y = 2
",Yes
le_two,"-- To prove succ 0 = 1 ∨ succ 0 = 2, we choose to prove succ 0 = _dev_1","The formalized version of the natural language statement is not correct, as it implies replacing the original theorem with a new one. Lean does not support this operation. The original goal cannot be modified to prove `succ 0 = _dev_1`. The correct approach would usually involve using `cases` to further break down the original theorem and prove each case separately. I'm sorry, but I can't provide the correct Lean command without more context of the proof.",left,"case succ.zero.h.h
hx : succ 0 ≤ 2
⊢ succ 0 = 1
case succ.succ
z : ℕ
hx : succ (succ z) ≤ 2
⊢ succ (succ z) = 0 ∨ succ (succ z) = 1 ∨ succ (succ z) = 2
","case zero.h
hx : 0 ≤ 2
⊢ 0 = 0
case succ
y : ℕ
hx : succ y ≤ 2
⊢ succ y = 0 ∨ succ y = 1 ∨ succ y = 2
",No
le_two,"-- Rewriting using a theorem, need to show show succ 0 = succ 0.",rw [eq.refl (succ 0)],rw [one_eq_succ_zero],"case succ.zero.h.h
hx : succ 0 ≤ 2
⊢ succ 0 = succ 0
case succ.succ
z : ℕ
hx : succ (succ z) ≤ 2
⊢ succ (succ z) = 0 ∨ succ (succ z) = 1 ∨ succ (succ z) = 2
","case zero.h
hx : 0 ≤ 2
⊢ 0 = 0
case succ
y : ℕ
hx : succ y ≤ 2
⊢ succ y = 0 ∨ succ y = 1 ∨ succ y = 2
",No
le_two,-- This is clear by reflexivity.,rfl,rfl,"case succ.succ
z : ℕ
hx : succ (succ z) ≤ 2
⊢ succ (succ z) = 0 ∨ succ (succ z) = 1 ∨ succ (succ z) = 2
","case zero.h
hx : 0 ≤ 2
⊢ 0 = 0
case succ
y : ℕ
hx : succ y ≤ 2
⊢ succ y = 0 ∨ succ y = 1 ∨ succ y = 2
",Yes
le_two,"-- In the latter case, we substitute 2 = succ 1 and 1 = succ 0 into what we know and what we have to show.","rw [two_eq_succ_one, one_eq_succ_zero] at hx ⊢","rw [two_eq_succ_one, one_eq_succ_zero] at hx ⊢","case succ.succ
z : ℕ
hx : succ (succ z) ≤ succ (succ 0)
⊢ succ (succ z) = 0 ∨ succ (succ z) = succ 0 ∨ succ (succ z) = succ (succ 0)
","case zero.h
hx : 0 ≤ 2
⊢ 0 = 0
case succ
y : ℕ
hx : succ y ≤ 2
⊢ succ y = 0 ∨ succ y = 1 ∨ succ y = 2
",Yes
le_two,"-- We know that succ (succ z) ≤ succ (succ 0), so usinig a theorem we know succ z ≤ succ 0.",apply succ_le_succ at hx,apply succ_le_succ at hx,"case succ.succ
z : ℕ
hx : succ z ≤ succ 0
⊢ succ (succ z) = 0 ∨ succ (succ z) = succ 0 ∨ succ (succ z) = succ (succ 0)
","case zero.h
hx : 0 ≤ 2
⊢ 0 = 0
case succ
y : ℕ
hx : succ y ≤ 2
⊢ succ y = 0 ∨ succ y = 1 ∨ succ y = 2
",Yes
le_two,"-- We know that succ z ≤ succ 0, so using a theorem we know that z ≤ 0.","The provided natural language statement does not directly correspond to a Lean code as the current state doesn't involve the natural number ""z"". However, the Lean version of the statement can generally be expressed as:

apply succ_le_succ at hx",apply succ_le_succ at hx,"case succ.succ
z : ℕ
hx : z ≤ 0
⊢ succ (succ z) = 0 ∨ succ (succ z) = succ 0 ∨ succ (succ z) = succ (succ 0)
","case zero.h
hx : 0 ≤ 2
⊢ 0 = 0
case succ
y : ℕ
hx : succ y ≤ 2
⊢ succ y = 0 ∨ succ y = 1 ∨ succ y = 2
",No
le_two,"-- Since z ≤ 0, using a theorem, z = 0.","The natural language statement ""-- Since z ≤ 0, using a theorem, z = 0."" seems to be not applicable in the current state of the proof since there is no variable 'z' and we are not working on 'z ≤ 0'. Therefore, there is no corresponding Lean code for this statement given the current context.",apply le_zero at hx,"case succ.succ
z : ℕ
hx : z = 0
⊢ succ (succ z) = 0 ∨ succ (succ z) = succ 0 ∨ succ (succ z) = succ (succ 0)
","case zero.h
hx : 0 ≤ 2
⊢ 0 = 0
case succ
y : ℕ
hx : succ y ≤ 2
⊢ succ y = 0 ∨ succ y = 1 ∨ succ y = 2
",No
le_two,-- We subsitute z = 0 into what we want to show.,rw [hx],rw [hx],"case succ.succ
z : ℕ
hx : z = 0
⊢ succ (succ 0) = 0 ∨ succ (succ 0) = succ 0 ∨ succ (succ 0) = succ (succ 0)
","case zero.h
hx : 0 ≤ 2
⊢ 0 = 0
case succ
y : ℕ
hx : succ y ≤ 2
⊢ succ y = 0 ∨ succ y = 1 ∨ succ y = 2
",Yes
le_two,"-- So, we need to show that succ (succ 0) = 0 ∨ succ (succ 0) = succ 0 ∨ succ (succ 0) = succ (succ 0), so we choose to show that succ (succ 0) = succ 0 ∨ succ (succ 0) = succ (succ 0)",right,right,"case succ.succ.h
z : ℕ
hx : z = 0
⊢ succ (succ 0) = succ 0 ∨ succ (succ 0) = succ (succ 0)
","case zero.h
hx : 0 ≤ 2
⊢ 0 = 0
case succ
y : ℕ
hx : succ y ≤ 2
⊢ succ y = 0 ∨ succ y = 1 ∨ succ y = 2
",Yes
le_two,"-- We need to show that succ (succ 0) = succ 0 ∨ succ (succ 0) = succ (succ 0), so we choose to show that succ (succ 0) = succ (succ 0)",right,right,"case succ.succ.h.h
z : ℕ
hx : z = 0
⊢ succ (succ 0) = succ (succ 0)
","case zero.h
hx : 0 ≤ 2
⊢ 0 = 0
case succ
y : ℕ
hx : succ y ≤ 2
⊢ succ y = 0 ∨ succ y = 1 ∨ succ y = 2
",Yes
le_two,"-- But LHS = RHS, so this follows by reflexivity.",rfl,rfl,,"case zero.h
hx : 0 ≤ 2
⊢ 0 = 0
case succ
y : ℕ
hx : succ y ≤ 2
⊢ succ y = 0 ∨ succ y = 1 ∨ succ y = 2
",Yes
le_two,-- x = 0 (case 1) or x = succ y (case 2) for some natural number y,cases x with y,cases x with y,"case zero
hx : 0 ≤ 2
⊢ 0 = 0 ∨ 0 = 1 ∨ 0 = 2
case succ
y : ℕ
hx : succ y ≤ 2
⊢ succ y = 0 ∨ succ y = 1 ∨ succ y = 2
","case zero
hx : 0 ≤ 2
⊢ 0 = 0 ∨ 0 = 1 ∨ 0 = 2
case succ
y : ℕ
hx : succ y ≤ 2
⊢ succ y = 0 ∨ succ y = 1 ∨ succ y = 2
",Yes
le_two,-- 0 = 0 ∨ 0 = 1 ∨ 0 = 2 -> 0 = 0,"left
rfl",left,"case zero.h
hx : 0 ≤ 2
⊢ 0 = 0
case succ
y : ℕ
hx : succ y ≤ 2
⊢ succ y = 0 ∨ succ y = 1 ∨ succ y = 2
","case zero.h
hx : 0 ≤ 2
⊢ 0 = 0
case succ
y : ℕ
hx : succ y ≤ 2
⊢ succ y = 0 ∨ succ y = 1 ∨ succ y = 2
",Yes
le_two,-- lhs = rhs,"The formalized version of the natural language statement ""-- lhs = rhs"" cannot be derived from the available information. This statement is too general and does not specify which part of the current state could be interpreted as the ""lhs"" or the ""rhs"". More context or specific information is required.",rfl,"case succ
y : ℕ
hx : succ y ≤ 2
⊢ succ y = 0 ∨ succ y = 1 ∨ succ y = 2
","case zero.h
hx : 0 ≤ 2
⊢ 0 = 0
case succ
y : ℕ
hx : succ y ≤ 2
⊢ succ y = 0 ∨ succ y = 1 ∨ succ y = 2
",No
le_two,-- y = 0 (case 1) or y = succ z (case 2) for some natural number z,cases y with z,cases y with z,"case succ.zero
hx : succ 0 ≤ 2
⊢ succ 0 = 0 ∨ succ 0 = 1 ∨ succ 0 = 2
case succ.succ
z : ℕ
hx : succ (succ z) ≤ 2
⊢ succ (succ z) = 0 ∨ succ (succ z) = 1 ∨ succ (succ z) = 2
","case zero.h
hx : 0 ≤ 2
⊢ 0 = 0
case succ
y : ℕ
hx : succ y ≤ 2
⊢ succ y = 0 ∨ succ y = 1 ∨ succ y = 2
",Yes
le_two,-- succ 0 = 0 ∨ succ 0 = 1 ∨ succ 0 = 2 -> succ 0 = 1 ∨ succ 0 = _dev_2,"Unfortunately, the provided natural language statement cannot be directly translated into a Lean code as it's not quite meaningful or coherent in terms of mathematical logic. I suspect there might be some misunderstanding or confusion in the premise or goal. It would be helpful to check the context or the desired outcome of the proof.",right,"case succ.zero.h
hx : succ 0 ≤ 2
⊢ succ 0 = 1 ∨ succ 0 = 2
case succ.succ
z : ℕ
hx : succ (succ z) ≤ 2
⊢ succ (succ z) = 0 ∨ succ (succ z) = 1 ∨ succ (succ z) = 2
","case zero.h
hx : 0 ≤ 2
⊢ 0 = 0
case succ
y : ℕ
hx : succ y ≤ 2
⊢ succ y = 0 ∨ succ y = 1 ∨ succ y = 2
",No
le_two,-- succ 0 = 1 ∨ succ 0 = 2 -> succ 0 = _dev_1,"Sorry, but the provided natural language statement doesn't align with the current state of the proof. The statement seems to suggest a change that introduces a new term, _dev_1, which isn't accounted for in the current context. It seems there might be a misunderstanding in the exact steps needed for the proof. Please recheck the statement and try again.",left,"case succ.zero.h.h
hx : succ 0 ≤ 2
⊢ succ 0 = 1
case succ.succ
z : ℕ
hx : succ (succ z) ≤ 2
⊢ succ (succ z) = 0 ∨ succ (succ z) = 1 ∨ succ (succ z) = 2
","case zero.h
hx : 0 ≤ 2
⊢ 0 = 0
case succ
y : ℕ
hx : succ y ≤ 2
⊢ succ y = 0 ∨ succ y = 1 ∨ succ y = 2
",No
le_two,-- succ 0 = 1 -> succ 0 = succ 0,"This natural language statement seems to be a comment and doesn't contain a concrete action to be taken in the proof. The symbol ""->"" usually denotes implication in Lean. However, the sentence ""succ 0 = 1 -> succ 0 = succ 0"" doesn't provide meaningful content as in Lean, ""succ 0"" is essentially ""1"", and saying ""1 = 1 -> 1 = 1"" is a tautology. So, there is no corresponding Lean code for this statement.",rw [one_eq_succ_zero],"case succ.zero.h.h
hx : succ 0 ≤ 2
⊢ succ 0 = succ 0
case succ.succ
z : ℕ
hx : succ (succ z) ≤ 2
⊢ succ (succ z) = 0 ∨ succ (succ z) = 1 ∨ succ (succ z) = 2
","case zero.h
hx : 0 ≤ 2
⊢ 0 = 0
case succ
y : ℕ
hx : succ y ≤ 2
⊢ succ y = 0 ∨ succ y = 1 ∨ succ y = 2
",No
le_two,-- lhs = rhs,"The formalized version of the natural language statement ""-- lhs = rhs"" is ""rw [rfl]"".",rfl,"case succ.succ
z : ℕ
hx : succ (succ z) ≤ 2
⊢ succ (succ z) = 0 ∨ succ (succ z) = 1 ∨ succ (succ z) = 2
","case zero.h
hx : 0 ≤ 2
⊢ 0 = 0
case succ
y : ℕ
hx : succ y ≤ 2
⊢ succ y = 0 ∨ succ y = 1 ∨ succ y = 2
",No
le_two,-- succ (succ z) ≤ 2 -> succ (succ z) ≤ succ 1 -> succ (succ z) ≤ succ (succ 0); ... = 0 ∨ ... = 1 ∨ ... = 2 -> ... = 0 ∨ ... = 1 ∨ ... = succ 1 -> ... = 0 ∨ ... = succ 0 ∨ ... = succ (succ 0),"rw [two_eq_succ_one, one_eq_succ_zero] at hx ⊢","rw [two_eq_succ_one, one_eq_succ_zero] at hx ⊢","case succ.succ
z : ℕ
hx : succ (succ z) ≤ succ (succ 0)
⊢ succ (succ z) = 0 ∨ succ (succ z) = succ 0 ∨ succ (succ z) = succ (succ 0)
","case zero.h
hx : 0 ≤ 2
⊢ 0 = 0
case succ
y : ℕ
hx : succ y ≤ 2
⊢ succ y = 0 ∨ succ y = 1 ∨ succ y = 2
",Yes
le_two,-- succ (succ z) ≤ succ (succ 0) -> succ z ≤ succ 0,apply succ_le_succ at hx,apply succ_le_succ at hx,"case succ.succ
z : ℕ
hx : succ z ≤ succ 0
⊢ succ (succ z) = 0 ∨ succ (succ z) = succ 0 ∨ succ (succ z) = succ (succ 0)
","case zero.h
hx : 0 ≤ 2
⊢ 0 = 0
case succ
y : ℕ
hx : succ y ≤ 2
⊢ succ y = 0 ∨ succ y = 1 ∨ succ y = 2
",Yes
le_two,-- succ z ≤ succ 0 -> z ≤ 0,apply succ_le_succ at hx,apply succ_le_succ at hx,"case succ.succ
z : ℕ
hx : z ≤ 0
⊢ succ (succ z) = 0 ∨ succ (succ z) = succ 0 ∨ succ (succ z) = succ (succ 0)
","case zero.h
hx : 0 ≤ 2
⊢ 0 = 0
case succ
y : ℕ
hx : succ y ≤ 2
⊢ succ y = 0 ∨ succ y = 1 ∨ succ y = 2
",Yes
le_two,-- z ≤ 0 -> z = 0,apply le_zero at hx,apply le_zero at hx,"case succ.succ
z : ℕ
hx : z = 0
⊢ succ (succ z) = 0 ∨ succ (succ z) = succ 0 ∨ succ (succ z) = succ (succ 0)
","case zero.h
hx : 0 ≤ 2
⊢ 0 = 0
case succ
y : ℕ
hx : succ y ≤ 2
⊢ succ y = 0 ∨ succ y = 1 ∨ succ y = 2
",Yes
le_two,-- succ (succ z) = 0 ∨ succ (succ z) = succ 0 ∨ succ (succ z) = succ (succ 0) -> succ (succ 0) = 0 ∨ succ (succ 0) = succ 0 ∨ succ (succ 0) = succ (succ 0),"This statement cannot be written directly in Lean as a line of code. This statement seems to hint at the progression of a step in the proof process, rather than a direct translation to a single line of Lean code.",rw [hx],"case succ.succ
z : ℕ
hx : z = 0
⊢ succ (succ 0) = 0 ∨ succ (succ 0) = succ 0 ∨ succ (succ 0) = succ (succ 0)
","case zero.h
hx : 0 ≤ 2
⊢ 0 = 0
case succ
y : ℕ
hx : succ y ≤ 2
⊢ succ y = 0 ∨ succ y = 1 ∨ succ y = 2
",No
le_two,-- succ (succ 0) = 0 ∨ succ (succ 0) = succ 0 ∨ succ (succ 0) = succ (succ 0) -> succ (succ 0) = succ 0 ∨ succ (succ 0) = succ (succ 0),"The formalized version of the natural language statement is:

right",right,"case succ.succ.h
z : ℕ
hx : z = 0
⊢ succ (succ 0) = succ 0 ∨ succ (succ 0) = succ (succ 0)
","case zero.h
hx : 0 ≤ 2
⊢ 0 = 0
case succ
y : ℕ
hx : succ y ≤ 2
⊢ succ y = 0 ∨ succ y = 1 ∨ succ y = 2
",No
le_two,-- succ (succ 0) = succ 0 ∨ succ (succ 0) = succ (succ 0) -> succ (succ 0) = succ (succ 0),"After formalization, the lean theorem would be: 

""right, right, rfl""",right,"case succ.succ.h.h
z : ℕ
hx : z = 0
⊢ succ (succ 0) = succ (succ 0)
","case zero.h
hx : 0 ≤ 2
⊢ 0 = 0
case succ
y : ℕ
hx : succ y ≤ 2
⊢ succ y = 0 ∨ succ y = 1 ∨ succ y = 2
",No
le_two,-- lhs = rhs,"Without the specific context of what lhs and rhs represent, it's difficult to provide an exact Lean code translation. However, a general format based on the natural language statement ""-- lhs = rhs"" could be: `rw ← lhs_eq_rhs`. Please specify the variables for a correct translation.",rfl,,"case zero.h
hx : 0 ≤ 2
⊢ 0 = 0
case succ
y : ℕ
hx : succ y ≤ 2
⊢ succ y = 0 ∨ succ y = 1 ∨ succ y = 2
",No
zero_pow_succ,"  -- We know that 0^(succ m) = 0^m * 0, so our goal becomes 0^m * 0 = 0",rw [pow_succ],  rw [pow_succ],"m : ℕ
⊢ 0 ^ m * 0 = 0
","m : ℕ
⊢ 0 ^ m * 0 = 0
",Yes
zero_pow_succ,  -- 0=0,"The formalized version of the natural language statement ""0=0"" in Lean code is:

`rfl`",  rw [mul_zero],"m : ℕ
⊢ 0 = 0
","m : ℕ
⊢ 0 ^ m * 0 = 0
",No
zero_pow_succ,"  -- lhs = rhs, so we are done.",rfl,  rfl,,"m : ℕ
⊢ 0 ^ m * 0 = 0
",No
zero_pow_succ,"  -- We can use induction on m. For the base case, we want to show that 0^succ(0) = 0.",induction m with d hd,  induction m with h hd,"case zero
⊢ 0 ^ succ 0 = 0
case succ
h : ℕ
hd : 0 ^ succ h = 0
⊢ 0 ^ succ (succ h) = 0
","case zero
⊢ 0 ^ succ 0 = 0
case succ
d : ℕ
hd : 0 ^ succ d = 0
⊢ 0 ^ succ (succ d) = 0
",Yes
zero_pow_succ,  -- Using the fact that 0 to the power of the successor of 1 is equal to 0 ^ 0 + 0.,"The given natural language statement is incorrect and can't be formalized to a valid Lean code. As such, there is no corresponding line of Lean code.",  rw [pow_succ],"case zero
⊢ 0 ^ 0 * 0 = 0
case succ
h : ℕ
hd : 0 ^ succ h = 0
⊢ 0 ^ succ (succ h) = 0
","case zero
⊢ 0 ^ succ 0 = 0
case succ
d : ℕ
hd : 0 ^ succ d = 0
⊢ 0 ^ succ (succ d) = 0
",No
zero_pow_succ,"  -- We know that anything multiplied by 0 is equal to 0, so our goal becomes: 0 = 0",rw [mul_zero],  rw [mul_zero],"case zero
⊢ 0 = 0
case succ
h : ℕ
hd : 0 ^ succ h = 0
⊢ 0 ^ succ (succ h) = 0
","case zero
⊢ 0 ^ succ 0 = 0
case succ
d : ℕ
hd : 0 ^ succ d = 0
⊢ 0 ^ succ (succ d) = 0
",No
zero_pow_succ,"  -- We can conclude the proof by reflexivity, as the LHS and RHS of our goal are identical.",rfl,  rfl,"case succ
h : ℕ
hd : 0 ^ succ h = 0
⊢ 0 ^ succ (succ h) = 0
","case zero
⊢ 0 ^ succ 0 = 0
case succ
d : ℕ
hd : 0 ^ succ d = 0
⊢ 0 ^ succ (succ d) = 0
",No
zero_pow_succ,"  -- Next, we consider the inductive case, where we want to show that 0^succ(succ m) = 0. By the successor definition of the power function, we can write our goal as: 0^succ(m) * 0 = 0.",rw [pow_succ],  rw[pow_succ],"case succ
h : ℕ
hd : 0 ^ succ h = 0
⊢ 0 ^ succ h * 0 = 0
","case zero
⊢ 0 ^ succ 0 = 0
case succ
d : ℕ
hd : 0 ^ succ d = 0
⊢ 0 ^ succ (succ d) = 0
",No
zero_pow_succ,"  -- We see that we can apply our inductive hypothesis, that 0^succ(m) = 0, and our goal becomes: 0*0 = 0","rw [pow_succ, hd, mul_zero]",  rw[hd],"case succ
h : ℕ
hd : 0 ^ succ h = 0
⊢ 0 * 0 = 0
","case zero
⊢ 0 ^ succ 0 = 0
case succ
d : ℕ
hd : 0 ^ succ d = 0
⊢ 0 ^ succ (succ d) = 0
",No
zero_pow_succ,"  -- Anything multiplied by zero is zero, so we simplify to: 0*0",rw [mul_zero],  rw[mul_zero],"case succ
h : ℕ
hd : 0 ^ succ h = 0
⊢ 0 = 0
","case zero
⊢ 0 ^ succ 0 = 0
case succ
d : ℕ
hd : 0 ^ succ d = 0
⊢ 0 ^ succ (succ d) = 0
",No
zero_pow_succ,"  -- The lhs and rhs are identical, so we are done by reflexivity.",rfl,  rfl,,"case zero
⊢ 0 ^ succ 0 = 0
case succ
d : ℕ
hd : 0 ^ succ d = 0
⊢ 0 ^ succ (succ d) = 0
",No
succ_eq_add_one,-- Rewrite on both RHS and LHS making n -> n + 0,"rw [← add_zero n, ← add_zero n]",rw [← add_zero n],"n : ℕ
⊢ succ (n + 0) = n + 0 + 1
","n : ℕ
⊢ succ (n + 0 + 0) = n + 0 + 0 + 1
",No
succ_eq_add_one,-- Rewrite on RHS making 1 -> succ 0,rw [one_eq_succ_zero],rw [one_eq_succ_zero],"n : ℕ
⊢ succ (n + 0) = n + 0 + succ 0
","n : ℕ
⊢ succ (n + 0 + 0) = n + 0 + 0 + succ 0
",Yes
succ_eq_add_one,-- Rewrite on RHS making n + 0 + succ(0) -> succ(n+0+0),rw add_succ,rw [add_succ],"n : ℕ
⊢ succ (n + 0) = succ (n + 0 + 0)
","n : ℕ
⊢ succ (n + 0 + 0) = n + 0 + 0 + succ 0
",No
succ_eq_add_one,-- Rewrite on RHS making n + 0 -> n,rw [add_zero],rw [add_zero (n+0)],"n : ℕ
⊢ succ (n + 0) = succ (n + 0)
","n : ℕ
⊢ succ (n + 0 + 0) = n + 0 + 0 + succ 0
",No
succ_eq_add_one,"-- succ(n+0) = succ(n+0), QED",rfl,rfl,,"n : ℕ
⊢ succ (n + 0 + 0) = n + 0 + 0 + succ 0
",Yes
succ_eq_add_one,-- Rewrite RHS 1 -> succ(0),rw [one_eq_succ_zero],rw [one_eq_succ_zero],"n : ℕ
⊢ succ n = n + succ 0
","n : ℕ
⊢ succ n = n + succ 0
",Yes
succ_eq_add_one,-- Rewrite both RHS and LHS n -> n + 0,rw [add_zero],rw [← add_zero n],"n : ℕ
⊢ succ (n + 0) = n + 0 + succ 0
",error,No
succ_eq_add_one,-- Rewrite RHS n + 0 + succ(0) -> succ(n + 0 + 0),rw [add_succ],rw [add_succ],"n : ℕ
⊢ succ (n + 0) = succ (n + 0 + 0)
",error,Yes
succ_eq_add_one,-- Rewrite LHS and RHS n + 0 -> n,rw [add_zero],rw [add_zero],"n : ℕ
⊢ succ n = succ (n + 0)
",error,Yes
succ_eq_add_one,-- Rewrite RHS n + 0 -> n,rw add_zero,rw [add_zero],"n : ℕ
⊢ succ n = succ n
",error,No
succ_eq_add_one,"-- succ(n) = succ(n), QED",rfl,rfl,,error,Yes
add_right_eq_zero,"  -- We have two cases: b = 0, or b = succ d for some natural number d.",cases b with d,  cases b with d,"case zero
a : ℕ
⊢ a + 0 = 0 → a = 0
case succ
a d : ℕ
⊢ a + succ d = 0 → a = 0
","case zero
a : ℕ
⊢ a + 0 = 0 → a = 0
case succ
a d : ℕ
⊢ a + succ d = 0 → a = 0
",Yes
add_right_eq_zero,"  -- In the former case, we must show that a + 0 = 0 → a = 0, so we start by assuming that a + 0 = 0.",intro h₀,  intro h,"case zero
a : ℕ
h : a + 0 = 0
⊢ a = 0
case succ
a d : ℕ
⊢ a + succ d = 0 → a = 0
","case zero
a : ℕ
h₀ : a + 0 = 0
⊢ a = 0
case succ
a d : ℕ
⊢ a + succ d = 0 → a = 0
",Yes
add_right_eq_zero,  -- We apply the theorem that n = 0 + n change a = 0 to a + 0 = 0.,rw [zero_add] at h₀,  rw [← add_zero a],"case zero
a : ℕ
h : a + 0 = 0
⊢ a + 0 = 0
case succ
a d : ℕ
⊢ a + succ d = 0 → a = 0
",error,No
add_right_eq_zero,"  -- So, a = 0, which concludes this case of the theorem.","The formalized version of the natural language statement is:

`exact h`",  exact h,"case succ
a d : ℕ
⊢ a + succ d = 0 → a = 0
",error,No
add_right_eq_zero,"  -- In the latter case, we must show that a + succ d = 0 → a = 0, so we start by assuming that a + succ d = 0.",intro h,  intro h,"case succ
a d : ℕ
h : a + succ d = 0
⊢ a = 0
",error,No
add_right_eq_zero,"  -- Using the theorem that a + succ d = succ (a + d), we get that succ (a + d) = 0.",rw add_succ at h,  rw [add_succ] at h,"case succ
a d : ℕ
h : succ (a + d) = 0
⊢ a = 0
",error,No
add_right_eq_zero,"  -- By the symmetry of equality, we have that 0 = succ (a + d).",symm at h,  symm at h,"case succ
a d : ℕ
h : 0 = succ (a + d)
⊢ a = 0
",error,No
add_right_eq_zero,"  -- But since 0 is not the successor of anything, we have a contradiction/falsehood.",cases h,  apply zero_ne_succ at h,"case succ
a d : ℕ
h : False
⊢ a = 0
",error,No
add_right_eq_zero,"  -- Since a contradiction/falsehood implies anything, we are done.","The formalized version of the natural language statement is:
""exact false.elim h""",  tauto,,error,No
add_right_eq_zero,  -- Proof by induction on b,induction b with d hd,  induction b with d hd,"case zero
a : ℕ
⊢ a + 0 = 0 → a = 0
case succ
a d : ℕ
hd : a + d = 0 → a = 0
⊢ a + succ d = 0 → a = 0
","case zero
a : ℕ
⊢ a + 0 = 0 → a = 0
case succ
a d : ℕ
hd : a + d = 0 → a = 0
⊢ a + succ d = 0 → a = 0
",Yes
add_right_eq_zero,"  -- For the base case, assume a + 0 = 0",intro h,  intro h,"case zero
a : ℕ
h : a + 0 = 0
⊢ a = 0
case succ
a d : ℕ
hd : a + d = 0 → a = 0
⊢ a + succ d = 0 → a = 0
","case zero
a : ℕ
h : a + 0 = 0
⊢ a = 0
case succ
a d : ℕ
hd : a + d = 0 → a = 0
⊢ a + succ d = 0 → a = 0
",Yes
add_right_eq_zero,  -- a + 0 = 0 -> a = 0,rw [add_zero] at h,  rw [add_zero] at h,"case zero
a : ℕ
h : a = 0
⊢ a = 0
case succ
a d : ℕ
hd : a + d = 0 → a = 0
⊢ a + succ d = 0 → a = 0
","case zero
a : ℕ
h : a = 0
⊢ a = 0
case succ
a d : ℕ
hd : a + d = 0 → a = 0
⊢ a + succ d = 0 → a = 0
",Yes
add_right_eq_zero,"  -- a = 0, as desired",exact h,  exact h,"case succ
a d : ℕ
hd : a + d = 0 → a = 0
⊢ a + succ d = 0 → a = 0
","case succ
a d : ℕ
hd : a + d = 0 → a = 0
⊢ a + succ d = 0 → a = 0
",Yes
add_right_eq_zero,"  -- For the inductive step, assume a + succ d = 0",intro h,  intro h,"case succ
a d : ℕ
hd : a + d = 0 → a = 0
h : a + succ d = 0
⊢ a = 0
","case succ
a d : ℕ
hd : a + d = 0 → a = 0
h : a + succ d = 0
⊢ a = 0
",Yes
add_right_eq_zero,  -- a + succ d = 0 -> succ (a + d) = 0,rw [add_succ] at h,  rw [add_succ] at h,"case succ
a d : ℕ
hd : a + d = 0 → a = 0
h : succ (a + d) = 0
⊢ a = 0
","case succ
a d : ℕ
hd : a + d = 0 → a = 0
h : succ (a + d) = 0
⊢ a = 0
",Yes
add_right_eq_zero,  -- succ (a + d) = 0 -> 0 = succ (a + d),symm at h,  symm at h,"case succ
a d : ℕ
hd : a + d = 0 → a = 0
h : 0 = succ (a + d)
⊢ a = 0
","case succ
a d : ℕ
hd : a + d = 0 → a = 0
h : 0 = succ (a + d)
⊢ a = 0
",Yes
add_right_eq_zero,  -- 0 = succ (a + d) -> False,apply zero_ne_succ at h,  apply zero_ne_succ at h,"case succ
a d : ℕ
hd : a + d = 0 → a = 0
h : False
⊢ a = 0
","case succ
a d : ℕ
hd : a + d = 0 → a = 0
h : False
⊢ a = 0
",Yes
add_right_eq_zero,  -- False -> anything,exact h,  cases h,,error,No
zero_add,-- Induct on n,induction n with d hd,induction n with d hd,"case zero
⊢ 0 + 0 = 0
case succ
d : ℕ
hd : 0 + d = d
⊢ 0 + succ d = succ d
","case zero
⊢ 0 + 0 = 0
case succ
d : ℕ
hd : 0 + d = d
⊢ 0 + succ d = succ d
",Yes
zero_add,-- substitute 0 -> 0 + 0 into the RHS giving us 0 + 0 = 0 + 0,rw [zero_add],nth_rewrite 3 [← add_zero 0],"case zero
⊢ 0 + 0 = 0 + 0
case succ
d : ℕ
hd : 0 + d = d
⊢ 0 + succ d = succ d
","case zero
⊢ 0 = 0
case succ
d : ℕ
hd : 0 + d = d
⊢ 0 + succ d = succ d
",No
zero_add,"-- 0 + 0 = 0 + 0, completing base case",rfl,rfl,"case succ
d : ℕ
hd : 0 + d = d
⊢ 0 + succ d = succ d
","case succ
d : ℕ
hd : 0 + d = d
⊢ 0 + succ d = succ d
",Yes
zero_add,-- 0 + succ d -> succ (0 + d) on LHS giving us succ (0 + d) = succ d,rw [add_succ],rw [add_succ],"case succ
d : ℕ
hd : 0 + d = d
⊢ succ (0 + d) = succ d
","case succ
d : ℕ
hd : 0 + d = d
⊢ succ (0 + d) = succ d
",Yes
zero_add,-- 0 + d -> d on LHS -> succ d = succ d,rw [hd],rw [hd],"case succ
d : ℕ
hd : 0 + d = d
⊢ succ d = succ d
","case succ
d : ℕ
hd : 0 + d = d
⊢ succ d = succ d
",Yes
zero_add,"-- succ d = succ d, QED",rfl,rfl,,,Yes
zero_add,-- Begin by initiating induction on n,induction n with d hd,induction n with d hd,"case zero
⊢ 0 + 0 = 0
case succ
d : ℕ
hd : 0 + d = d
⊢ 0 + succ d = succ d
","case zero
⊢ 0 + 0 = 0
case succ
d : ℕ
hd : 0 + d = d
⊢ 0 + succ d = succ d
",Yes
zero_add,-- Using the properties of addition by 0 we can rewrite 0 + 0 to 0 on the LHS,rw [add_zero],rw [add_zero],"case zero
⊢ 0 = 0
case succ
d : ℕ
hd : 0 + d = d
⊢ 0 + succ d = succ d
","case zero
⊢ 0 = 0
case succ
d : ℕ
hd : 0 + d = d
⊢ 0 + succ d = succ d
",Yes
zero_add,"-- Since both sides are equal, we are done with the base case",rfl,rfl,"case succ
d : ℕ
hd : 0 + d = d
⊢ 0 + succ d = succ d
","case succ
d : ℕ
hd : 0 + d = d
⊢ 0 + succ d = succ d
",Yes
zero_add,-- Now using properties of successors we can rewrite 0 + succ d to succ (0 + d) on the LHS getting succ (0 + d) = succ d,rw [add_succ],rw [add_succ],"case succ
d : ℕ
hd : 0 + d = d
⊢ succ (0 + d) = succ d
","case succ
d : ℕ
hd : 0 + d = d
⊢ succ (0 + d) = succ d
",Yes
zero_add,-- Using the induction hypothesis we can rewrite succ (0 + d) to succ d,rw [hd],rw [hd],"case succ
d : ℕ
hd : 0 + d = d
⊢ succ d = succ d
","case succ
d : ℕ
hd : 0 + d = d
⊢ succ d = succ d
",Yes
zero_add,"-- Since both sides are equal, we are done with the proof",rfl,rfl,,,Yes
