exact_2,  -- We simplify the hypothesis of 0 + x = 0 + y + 2 to x = x = y + 2.,rw [zero_add] at h,"  rw [zero_add, zero_add] at h","y x : ℕ
h : x = y + 2
⊢ x = y + 2
","y x : ℕ
h : x = 0 + y + 2
⊢ x = y + 2
",No
exact_2,"  -- So, x = y + 2, which is exactly what we wanted to prove.",exact h,  exact h,,error,No
exact_2,  -- 0 + x = 0 + y + 2 -> 0 + x = y + 2,"There is no transformation needed here, so the Lean code remains the same.",  rw [← zero_add x],"y x : ℕ
h : 0 + x = 0 + y + 2
⊢ 0 + x = y + 2
","y x : ℕ
h : 0 + x = 0 + y + 2
⊢ x = y + 2
",No
exact_2,  -- 0 + x = y + 2 -> 0 + x = 0 + y + 2,This statement is already in a formalized form so there's no need of conversion.,  rw [← zero_add y],"y x : ℕ
h : 0 + x = 0 + y + 2
⊢ 0 + x = 0 + y + 2
","y x : ℕ
h : 0 + x = 0 + y + 2
⊢ x = y + 2
",No
exact_2,  -- x = y + 2,"The formalized version of the natural language statement ""x = y + 2"" in Lean syntax is:

exact h",  exact h,,"y x : ℕ
h : 0 + x = 0 + y + 2
⊢ x = y + 2
",No
zero_mul,-- Proof by induction on m with base case 0 * 0 = 0 and inductive step 0 * d + 1 = 0,"The formalized version of the natural language statement ""-- Proof by induction on m with base case 0 * 0 = 0 and inductive step 0 * d + 1 = 0"" does not directly correspond to a line of Lean code. This statement indicates a structure of a proof which is achieved in Lean by the ""induction"" tactic (in combination with other tactics for the base case and the inductive step) that took place before the current state of the proof.",induction m with d hd,"case zero
⊢ 0 * 0 = 0
case succ
d : ℕ
hd : 0 * d = 0
⊢ 0 * succ d = 0
","m : ℕ
⊢ 0 * m = 0
",No
zero_mul,-- First prove base case. Simplify LHS 0 * 0 to 0,rw [mul_zero],rw [mul_zero],"case zero
⊢ 0 = 0
case succ
d : ℕ
hd : 0 * d = 0
⊢ 0 * succ d = 0
","m : ℕ
⊢ 0 * m = 0
",Yes
zero_mul,-- The base case is not complete.,The natural language statement does not represent a specific action or step in Lean.,rfl,"case succ
d : ℕ
hd : 0 * d = 0
⊢ 0 * succ d = 0
","m : ℕ
⊢ 0 * m = 0
",No
zero_mul,"-- Now for the inductive step. Rewrite LHS 0 * succ (d) to 0 * d + 0, using the definition of multiplication",rw [mul_succ],rw [mul_succ],"case succ
d : ℕ
hd : 0 * d = 0
⊢ 0 * d + 0 = 0
","m : ℕ
⊢ 0 * m = 0
",Yes
zero_mul,-- Simplify the LHS 0 * d + 0 to 0 + 0 using the definition of addition,"This natural language statement cannot be translated to a line of Lean code as it refers to an expression (""0 * d + 0"") that is not present in the current state of the Lean proof.",rw [add_zero],"case succ
d : ℕ
hd : 0 * d = 0
⊢ 0 * d = 0
","m : ℕ
⊢ 0 * m = 0
",No
zero_mul,-- This is exactly the inductive hypothesis so we can complete the proof.,rfl,exact hd,,"m : ℕ
⊢ 0 * m = 0
",No
zero_mul,-- Proof by induction on m with base case 0 * 0 = 0 and inductive step 0 * d + 1 = 0,"The formalized version of the natural language statement ""-- Proof by induction on m with base case 0 * 0 = 0 and inductive step 0 * d + 1 = 0"" does not directly correspond to a line of Lean code. This statement indicates a structure of a proof which is achieved in Lean by the ""induction"" tactic (in combination with other tactics for the base case and the inductive step) that took place before the current state of the proof.",induction m with d hd,"case zero
⊢ 0 * 0 = 0
case succ
d : ℕ
hd : 0 * d = 0
⊢ 0 * succ d = 0
","m : ℕ
⊢ 0 * m = 0
",No
zero_mul,-- 0 * 0 = 0 -> 0 = 0,rw [mul_zero],rw [mul_zero],"case zero
⊢ 0 = 0
case succ
d : ℕ
hd : 0 * d = 0
⊢ 0 * succ d = 0
","m : ℕ
⊢ 0 * m = 0
",Yes
zero_mul,-- That proves the base case.,"The natural language statement ""-- That proves the base case."" does not correspond to a specific line of code in Lean.",rfl,"case succ
d : ℕ
hd : 0 * d = 0
⊢ 0 * succ d = 0
","m : ℕ
⊢ 0 * m = 0
",No
zero_mul,-- 0 * succ d = 0 -> 0 * d + 0 = 0 -> 0 * d = 0,rw [mul_succ],"rw [mul_succ, add_zero]","case succ
d : ℕ
hd : 0 * d = 0
⊢ 0 * d = 0
","m : ℕ
⊢ 0 * m = 0
",No
zero_mul,-- This is exactly the inductive hypothesis so we can complete the proof.,rfl,exact hd,,"m : ℕ
⊢ 0 * m = 0
",No
mul_left_ne_zero,-- Assume that b equals 0.,intro hd,intro hb,"a b : ℕ
h : a * b ≠ 0
hb : b = 0
⊢ False
","a b : ℕ
h : a * b ≠ 0
hd : b = 0
⊢ False
",Yes
mul_left_ne_zero,-- Have to show that a * b = 0,"The formalized version of the statement is:

rw [hd, mul_zero]",apply h,"a b : ℕ
h : a * b ≠ 0
hb : b = 0
⊢ a * b = 0
","a b : ℕ
h : a * b ≠ 0
hd : b = 0
⊢ False
",No
mul_left_ne_zero,-- a * b = 0 -> a * 0 = 0 -> 0 = 0,"rw [hd, mul_zero]","rw [hb, mul_zero]","a b : ℕ
h : a * b ≠ 0
hb : b = 0
⊢ 0 = 0
","a b : ℕ
h : a * b ≠ 0
hd : b = 0
⊢ False
",No
mul_left_ne_zero,-- We use reflexivity to prove the goal of 0 = 0.,"The provided natural language statement doesn't match with the provided state of the Lean theorem prover. The reflexivity tactic `rfl` can't be applied on the goal `False` to produce the goal `0 = 0`. Hence, correct Lean code can't be provided for this particular natural language statement given the provided Lean state.",rfl,,"a b : ℕ
h : a * b ≠ 0
hd : b = 0
⊢ False
",No
mul_left_ne_zero,-- Assume that b equals 0.,intro hd,intro hd,"a b : ℕ
h : a * b ≠ 0
hd : b = 0
⊢ False
","a b : ℕ
h : a * b ≠ 0
hd : b = 0
⊢ False
",Yes
mul_left_ne_zero,-- subtitute b with 0 which gives us a * 0 != 0,"rw [hd, mul_zero]",rw [hd] at h,"a b : ℕ
h : a * 0 ≠ 0
hd : b = 0
⊢ False
",error,No
mul_left_ne_zero,-- a * 0 != 0 -> 0 != 0,"I'm sorry, but the natural language statement ""a * 0 != 0 -> 0 != 0"" is inherently incorrect in mathematics and therefore can't be transcribed into a valid Lean code. The statement implies that if a multiplied by 0 is not equal to 0 then 0 is not equal to 0, which makes no logical sense because any number multiplied by zero always equals zero. Thus, a valid Lean code can't be derived from this statement.",rw [mul_zero] at h,"a b : ℕ
h : 0 ≠ 0
hd : b = 0
⊢ False
",error,No
mul_left_ne_zero,-- We have 0 != 0 which is a contradiction.,apply h rfl,tauto,,error,No
add_left_comm,"  -- By associativity of addition, can change a + (b + c) into a + b + c",rw [add_assoc],  rw [← add_assoc],"a b c : ℕ
⊢ a + b + c = b + (a + c)
",error,No
add_left_comm,"  -- By the commutativity, and associativity of addition, can change a + b + c into b + (a + c)","rw [← add_assoc, add_comm a b, add_assoc]","  rw [add_comm a b, add_assoc]","a b c : ℕ
⊢ b + (a + c) = b + (a + c)
",error,No
add_left_comm,"  -- So we just need to show b + (a + c) = b + (a + c), which is true by reflexivity.",rfl,  rfl,,error,No
add_left_comm,  -- a + (b + c) = b + (a + c) -> a + b + c = b + (a + c),"The current state and the goal state are the same. Therefore, there is no Lean command needed to change the current state.",  rw [← add_assoc],"a b c : ℕ
⊢ a + b + c = b + (a + c)
","a b c : ℕ
⊢ a + (b + c) = b + (a + c)
",Yes
add_left_comm,  -- a + b + c = b + (a + c) -> a + b + c = a + b + c,"I apologize for any confusion, but it appears there's a misunderstanding. The natural language statement ""-- a + b + c = b + (a + c) -> a + b + c = a + b + c"" doesn't indicate any change that could be encoded into a Lean code. There's no Lean code associated with this statement as there's no operation needed to translate into a Lean tactic to reach the goal state ""a + b + c = a + b + c"". It already is in that state.",  rw [← add_assoc],"a b c : ℕ
⊢ a + b + c = b + a + c
","a b c : ℕ
⊢ a + (b + c) = b + (a + c)
",Yes
add_left_comm,  -- a + b + c = b + a + c,"The formalized version of the natural language statement is: 
a + b + c = b + a + c",  rw [add_comm a b],"a b c : ℕ
⊢ b + a + c = b + a + c
","a b c : ℕ
⊢ a + (b + c) = b + (a + c)
",No
add_left_comm,  -- lhs = rhs,"Apologies for any confusion but the natural language statement ""-- lhs = rhs"" is a comment and doesn't translate into a command in Lean. This comment is stating that the left-hand side (lhs) of the equation should match the right-hand side (rhs), which is a general goal in all proofs but doesn't provide a specific action to translate. Therefore, it's not possible to provide a corresponding Lean code for this comment.",  rfl,,"a b c : ℕ
⊢ a + (b + c) = b + (a + c)
",No
le_two,-- Either x = 0 or x = succ y for some natural number y.,cases h with h₀ h₁,cases x with y,"case zero
hx : 0 ≤ 2
⊢ 0 = 0 ∨ 0 = 1 ∨ 0 = 2
case succ
y : ℕ
hx : succ y ≤ 2
⊢ succ y = 0 ∨ succ y = 1 ∨ succ y = 2
",error,No
le_two,"-- In the former case, we need to show 0 = 0 ∨ 0 = 1 ∨ 0 = 2, and we choose to show 0 = 0.","left
rfl",left,"case zero.h
hx : 0 ≤ 2
⊢ 0 = 0
case succ
y : ℕ
hx : succ y ≤ 2
⊢ succ y = 0 ∨ succ y = 1 ∨ succ y = 2
",error,No
le_two,-- This is clear by reflexivity.,rfl,rfl,"case succ
y : ℕ
hx : succ y ≤ 2
⊢ succ y = 0 ∨ succ y = 1 ∨ succ y = 2
",error,Yes
le_two,"-- In the latter case, either y = 0 or y = succ z for some natural number z.",cases y with z,cases y with z,"case succ.zero
hx : succ 0 ≤ 2
⊢ succ 0 = 0 ∨ succ 0 = 1 ∨ succ 0 = 2
case succ.succ
z : ℕ
hx : succ (succ z) ≤ 2
⊢ succ (succ z) = 0 ∨ succ (succ z) = 1 ∨ succ (succ z) = 2
",error,Yes
le_two,"-- In the former case, we must show succ 0 = 0 ∨ succ 0 = 1 ∨ succ 0 = 2, and we choose to prove succ 0 = 1 ∨ succ 0 = _dev_2",right,right,"case succ.zero.h
hx : succ 0 ≤ 2
⊢ succ 0 = 1 ∨ succ 0 = 2
case succ.succ
z : ℕ
hx : succ (succ z) ≤ 2
⊢ succ (succ z) = 0 ∨ succ (succ z) = 1 ∨ succ (succ z) = 2
",error,Yes
le_two,"-- To prove succ 0 = 1 ∨ succ 0 = 2, we choose to prove succ 0 = _dev_1",left,left,"case succ.zero.h.h
hx : succ 0 ≤ 2
⊢ succ 0 = 1
case succ.succ
z : ℕ
hx : succ (succ z) ≤ 2
⊢ succ (succ z) = 0 ∨ succ (succ z) = 1 ∨ succ (succ z) = 2
",error,Yes
le_two,"-- Rewriting using a theorem, need to show show succ 0 = succ 0.",rfl,rw [one_eq_succ_zero],"case succ.zero.h.h
hx : succ 0 ≤ 2
⊢ succ 0 = succ 0
case succ.succ
z : ℕ
hx : succ (succ z) ≤ 2
⊢ succ (succ z) = 0 ∨ succ (succ z) = 1 ∨ succ (succ z) = 2
",error,No
le_two,-- This is clear by reflexivity.,rfl,rfl,"case succ.succ
z : ℕ
hx : succ (succ z) ≤ 2
⊢ succ (succ z) = 0 ∨ succ (succ z) = 1 ∨ succ (succ z) = 2
",error,Yes
le_two,"-- In the latter case, we substitute 2 = succ 1 and 1 = succ 0 into what we know and what we have to show.","rw [two_eq_succ_one, one_eq_succ_zero] at hx ⊢","rw [two_eq_succ_one, one_eq_succ_zero] at hx ⊢","case succ.succ
z : ℕ
hx : succ (succ z) ≤ succ (succ 0)
⊢ succ (succ z) = 0 ∨ succ (succ z) = succ 0 ∨ succ (succ z) = succ (succ 0)
",error,Yes
le_two,"-- We know that succ (succ z) ≤ succ (succ 0), so usinig a theorem we know succ z ≤ succ 0.",apply succ_le_succ at hx,apply succ_le_succ at hx,"case succ.succ
z : ℕ
hx : succ z ≤ succ 0
⊢ succ (succ z) = 0 ∨ succ (succ z) = succ 0 ∨ succ (succ z) = succ (succ 0)
",error,Yes
le_two,"-- We know that succ z ≤ succ 0, so using a theorem we know that z ≤ 0.",apply succ_le_succ at hx,apply succ_le_succ at hx,"case succ.succ
z : ℕ
hx : z ≤ 0
⊢ succ (succ z) = 0 ∨ succ (succ z) = succ 0 ∨ succ (succ z) = succ (succ 0)
",error,Yes
le_two,"-- Since z ≤ 0, using a theorem, z = 0.",apply le_zero at hx,apply le_zero at hx,"case succ.succ
z : ℕ
hx : z = 0
⊢ succ (succ z) = 0 ∨ succ (succ z) = succ 0 ∨ succ (succ z) = succ (succ 0)
",error,Yes
le_two,-- We subsitute z = 0 into what we want to show.,rw [hx],rw [hx],"case succ.succ
z : ℕ
hx : z = 0
⊢ succ (succ 0) = 0 ∨ succ (succ 0) = succ 0 ∨ succ (succ 0) = succ (succ 0)
",error,Yes
le_two,"-- So, we need to show that succ (succ 0) = 0 ∨ succ (succ 0) = succ 0 ∨ succ (succ 0) = succ (succ 0), so we choose to show that succ (succ 0) = succ 0 ∨ succ (succ 0) = succ (succ 0)",right,right,"case succ.succ.h
z : ℕ
hx : z = 0
⊢ succ (succ 0) = succ 0 ∨ succ (succ 0) = succ (succ 0)
",error,Yes
le_two,"-- We need to show that succ (succ 0) = succ 0 ∨ succ (succ 0) = succ (succ 0), so we choose to show that succ (succ 0) = succ (succ 0)",right,right,"case succ.succ.h.h
z : ℕ
hx : z = 0
⊢ succ (succ 0) = succ (succ 0)
",error,Yes
le_two,"-- But LHS = RHS, so this follows by reflexivity.",rfl,rfl,,error,Yes
le_two,-- x = 0 (case 1) or x = succ y (case 2) for some natural number y,"I'm sorry for the confusion, but as explained previously, the natural language statement, ""-- x = 0 (case 1) or x = succ y (case 2) for some natural number y,"" is a commentary on the state of the proof, not a directive for an action to be taken in the Lean proof. Consequently, it does not correspond to an executable Lean code line. Rather, it describes the current proof state in Lean.",cases x with y,"case zero
hx : 0 ≤ 2
⊢ 0 = 0 ∨ 0 = 1 ∨ 0 = 2
case succ
y : ℕ
hx : succ y ≤ 2
⊢ succ y = 0 ∨ succ y = 1 ∨ succ y = 2
","x : ℕ
hx : x ≤ 2
⊢ x = 0 ∨ x = 1 ∨ x = 2
",No
le_two,-- 0 = 0 ∨ 0 = 1 ∨ 0 = 2 -> 0 = 0,"left, rfl",left,"case zero.h
hx : 0 ≤ 2
⊢ 0 = 0
case succ
y : ℕ
hx : succ y ≤ 2
⊢ succ y = 0 ∨ succ y = 1 ∨ succ y = 2
","x : ℕ
hx : x ≤ 2
⊢ x = 0 ∨ x = 1 ∨ x = 2
",No
le_two,-- lhs = rhs,"I apologize, but your request is unclear. The statement ""-- lhs = rhs"" does not provide sufficient specific details to be converted into Lean code. Please provide additional details. In Lean code, an equivalence is usually written as ""lhs = rhs"", where 'lhs' and 'rhs' point to specific expressions or variables.",rfl,"case succ
y : ℕ
hx : succ y ≤ 2
⊢ succ y = 0 ∨ succ y = 1 ∨ succ y = 2
","x : ℕ
hx : x ≤ 2
⊢ x = 0 ∨ x = 1 ∨ x = 2
",No
le_two,-- y = 0 (case 1) or y = succ z (case 2) for some natural number z,"I apologize for the confusion, but given the current state, there is no further Lean command necessary to represent the natural language statement ""-- y = 0 (case 1) or y = succ z (case 2) for some natural number z"". These case assumptions have already been addressed in the proof up to its current state. As a result, there is no direct translation of the given natural language step to an additional line of Lean code in this particular context.",cases y with z,"case succ.zero
hx : succ 0 ≤ 2
⊢ succ 0 = 0 ∨ succ 0 = 1 ∨ succ 0 = 2
case succ.succ
z : ℕ
hx : succ (succ z) ≤ 2
⊢ succ (succ z) = 0 ∨ succ (succ z) = 1 ∨ succ (succ z) = 2
","x : ℕ
hx : x ≤ 2
⊢ x = 0 ∨ x = 1 ∨ x = 2
",No
le_two,-- succ 0 = 0 ∨ succ 0 = 1 ∨ succ 0 = 2 -> succ 0 = 1 ∨ succ 0 = _dev_2,"Sorry, but the provided natural language statement doesn't match with the current state of the Lean code. It seems there's a mistake in the natural language statement or it's taken out of context. Could you please verify it?",right,"case succ.zero.h
hx : succ 0 ≤ 2
⊢ succ 0 = 1 ∨ succ 0 = 2
case succ.succ
z : ℕ
hx : succ (succ z) ≤ 2
⊢ succ (succ z) = 0 ∨ succ (succ z) = 1 ∨ succ (succ z) = 2
","x : ℕ
hx : x ≤ 2
⊢ x = 0 ∨ x = 1 ∨ x = 2
",No
le_two,-- succ 0 = 1 ∨ succ 0 = 2 -> succ 0 = _dev_1,"I'm sorry, the provided natural language instruction seems to be erroneous or nonsensical. In the Lean theorem prover, `succ 0` is universally defined to be 1. Therefore, it can't equal `1 OR 2` and also can't point to `_dev_1`. Given the current state, it's inappropriate to translate this instruction into lean syntax. Please provide a correct natural language instruction to proceed.",left,"case succ.zero.h.h
hx : succ 0 ≤ 2
⊢ succ 0 = 1
case succ.succ
z : ℕ
hx : succ (succ z) ≤ 2
⊢ succ (succ z) = 0 ∨ succ (succ z) = 1 ∨ succ (succ z) = 2
","x : ℕ
hx : x ≤ 2
⊢ x = 0 ∨ x = 1 ∨ x = 2
",No
le_two,-- succ 0 = 1 -> succ 0 = succ 0,"As mentioned repeatedly, the statement ""succ 0 = 1 -> succ 0 = succ 0"" is a tautology and doesn't contribute to the proof, thus there is no corresponding Lean code and no changes to the proof state. The constraints of the task make it unachievable.",rw [one_eq_succ_zero],"case succ.zero.h.h
hx : succ 0 ≤ 2
⊢ succ 0 = succ 0
case succ.succ
z : ℕ
hx : succ (succ z) ≤ 2
⊢ succ (succ z) = 0 ∨ succ (succ z) = 1 ∨ succ (succ z) = 2
","x : ℕ
hx : x ≤ 2
⊢ x = 0 ∨ x = 1 ∨ x = 2
",No
le_two,-- lhs = rhs,"I apologize, but your request is unclear. The statement ""-- lhs = rhs"" does not provide sufficient specific details to be converted into Lean code. Please provide additional details. In Lean code, an equivalence is usually written as ""lhs = rhs"", where 'lhs' and 'rhs' point to specific expressions or variables.",rfl,"case succ.succ
z : ℕ
hx : succ (succ z) ≤ 2
⊢ succ (succ z) = 0 ∨ succ (succ z) = 1 ∨ succ (succ z) = 2
","x : ℕ
hx : x ≤ 2
⊢ x = 0 ∨ x = 1 ∨ x = 2
",No
le_two,-- succ (succ z) ≤ 2 -> succ (succ z) ≤ succ 1 -> succ (succ z) ≤ succ (succ 0); ... = 0 ∨ ... = 1 ∨ ... = 2 -> ... = 0 ∨ ... = 1 ∨ ... = succ 1 -> ... = 0 ∨ ... = succ 0 ∨ ... = succ (succ 0),"rw [two_eq_succ_one, one_eq_succ_zero] at hx ⊢","rw [two_eq_succ_one, one_eq_succ_zero] at hx ⊢","case succ.succ
z : ℕ
hx : succ (succ z) ≤ succ (succ 0)
⊢ succ (succ z) = 0 ∨ succ (succ z) = succ 0 ∨ succ (succ z) = succ (succ 0)
","x : ℕ
hx : x ≤ 2
⊢ x = 0 ∨ x = 1 ∨ x = 2
",Yes
le_two,-- succ (succ z) ≤ succ (succ 0) -> succ z ≤ succ 0,"As previously mentioned, the given natural language statement doesn't apply to the current goal state or the existing hypotheses, so there is no applicable line of Lean code.",apply succ_le_succ at hx,"case succ.succ
z : ℕ
hx : succ z ≤ succ 0
⊢ succ (succ z) = 0 ∨ succ (succ z) = succ 0 ∨ succ (succ z) = succ (succ 0)
","x : ℕ
hx : x ≤ 2
⊢ x = 0 ∨ x = 1 ∨ x = 2
",No
le_two,-- succ z ≤ succ 0 -> z ≤ 0,"I apologize for the confusion, but the natural language statement ""-- succ z ≤ succ 0 -> z ≤ 0"" doesn't have a direct translation into a Lean command in the current context because the condition ""succ z ≤ succ 0 -> z ≤ 0"" is not applicable in the current state. A direct translation of this condition would be incorrect in the current context. Hence, no Lean code is provided for this statement.",apply succ_le_succ at hx,"case succ.succ
z : ℕ
hx : z ≤ 0
⊢ succ (succ z) = 0 ∨ succ (succ z) = succ 0 ∨ succ (succ z) = succ (succ 0)
","x : ℕ
hx : x ≤ 2
⊢ x = 0 ∨ x = 1 ∨ x = 2
",No
le_two,-- z ≤ 0 -> z = 0,"It seems there's a misunderstanding here. The natural language instruction ""z ≤ 0 -> z = 0"" does not apply to the current Lean proof state. So, there isn't a correct direct translation into Lean code in this context.",apply le_zero at hx,"case succ.succ
z : ℕ
hx : z = 0
⊢ succ (succ z) = 0 ∨ succ (succ z) = succ 0 ∨ succ (succ z) = succ (succ 0)
","x : ℕ
hx : x ≤ 2
⊢ x = 0 ∨ x = 1 ∨ x = 2
",No
le_two,-- succ (succ z) = 0 ∨ succ (succ z) = succ 0 ∨ succ (succ z) = succ (succ 0) -> succ (succ 0) = 0 ∨ succ (succ 0) = succ 0 ∨ succ (succ 0) = succ (succ 0),"I'm sorry for any confusion, but the natural language statement appears to be sharing a fact or condition rather than specifying an operation to effect the Lean proof. Directly translating this statement to a specific Lean tactic or operation isn't possible without further context. Could you clarify how this step influences the proof?",rw [hx],"case succ.succ
z : ℕ
hx : z = 0
⊢ succ (succ 0) = 0 ∨ succ (succ 0) = succ 0 ∨ succ (succ 0) = succ (succ 0)
","x : ℕ
hx : x ≤ 2
⊢ x = 0 ∨ x = 1 ∨ x = 2
",No
le_two,-- succ (succ 0) = 0 ∨ succ (succ 0) = succ 0 ∨ succ (succ 0) = succ (succ 0) -> succ (succ 0) = succ 0 ∨ succ (succ 0) = succ (succ 0),"The Lean code for the natural language statement: ""-- succ (succ 0) = 0 ∨ succ (succ 0) = succ 0 ∨ succ (succ 0) = succ (succ 0) -> succ (succ 0) = succ 0 ∨ succ (succ 0) = succ (succ 0)"" cannot be produced as this statement is not a valid theorem or rule that applies in Lean's logic or in the natural number theory. Please check the statement again.",right,"case succ.succ.h
z : ℕ
hx : z = 0
⊢ succ (succ 0) = succ 0 ∨ succ (succ 0) = succ (succ 0)
","x : ℕ
hx : x ≤ 2
⊢ x = 0 ∨ x = 1 ∨ x = 2
",No
le_two,-- succ (succ 0) = succ 0 ∨ succ (succ 0) = succ (succ 0) -> succ (succ 0) = succ (succ 0),rfl,right,"case succ.succ.h.h
z : ℕ
hx : z = 0
⊢ succ (succ 0) = succ (succ 0)
","x : ℕ
hx : x ≤ 2
⊢ x = 0 ∨ x = 1 ∨ x = 2
",No
le_two,-- lhs = rhs,"I apologize, but your request is unclear. The statement ""-- lhs = rhs"" does not provide sufficient specific details to be converted into Lean code. Please provide additional details. In Lean code, an equivalence is usually written as ""lhs = rhs"", where 'lhs' and 'rhs' point to specific expressions or variables.",rfl,,"x : ℕ
hx : x ≤ 2
⊢ x = 0 ∨ x = 1 ∨ x = 2
",No
zero_pow_succ,"  -- We know that 0^(succ m) = 0^m * 0, so our goal becomes 0^m * 0 = 0","As stated in previous responses, the natural language instruction does not correspond to a directive for a next step in the proof but is a commentary on the state of the proof. Hence, it does not translate to a line of Lean code. The goal state `⊢ 0 ^ m * 0 = 0` is not a result of this step but a result of previous steps in the Lean proof.",  rw [pow_succ],"m : ℕ
⊢ 0 ^ m * 0 = 0
","m : ℕ
⊢ 0 ^ succ m = 0
",No
zero_pow_succ,  -- 0=0,rfl,  rw [mul_zero],"m : ℕ
⊢ 0 = 0
","m : ℕ
⊢ 0 ^ succ m = 0
",No
zero_pow_succ,"  -- lhs = rhs, so we are done.",rfl,  rfl,,"m : ℕ
⊢ 0 ^ succ m = 0
",No
zero_pow_succ,"  -- We can use induction on m. For the base case, we want to show that 0^succ(0) = 0.","I apologize for the confusion, but this natural language statement is describing the approach to the proof, not a specific step in the proof itself. Thus, it does not directly correspond to a single line of code in Lean.",  induction m with h hd,"case zero
⊢ 0 ^ succ 0 = 0
case succ
h : ℕ
hd : 0 ^ succ h = 0
⊢ 0 ^ succ (succ h) = 0
","m : ℕ
⊢ 0 ^ succ m = 0
",No
zero_pow_succ,  -- Using the fact that 0 to the power of the successor of 1 is equal to 0 ^ 0 + 0.,"The natural language statement is not logically correct and cannot be represented in Lean. Thus, I can't provide a line of Lean code for this.",  rw [pow_succ],"case zero
⊢ 0 ^ 0 * 0 = 0
case succ
h : ℕ
hd : 0 ^ succ h = 0
⊢ 0 ^ succ (succ h) = 0
","m : ℕ
⊢ 0 ^ succ m = 0
",No
zero_pow_succ,"  -- We know that anything multiplied by 0 is equal to 0, so our goal becomes: 0 = 0","The natural language statement provided does not translate to any Lean code as it is a remark, not a tangible step in the proof. Given the current state is already ⊢ 0 = 0, there's no further Lean code necessary here.",  rw [mul_zero],"case zero
⊢ 0 = 0
case succ
h : ℕ
hd : 0 ^ succ h = 0
⊢ 0 ^ succ (succ h) = 0
","m : ℕ
⊢ 0 ^ succ m = 0
",No
zero_pow_succ,"  -- We can conclude the proof by reflexivity, as the LHS and RHS of our goal are identical.",rfl,  rfl,"case succ
h : ℕ
hd : 0 ^ succ h = 0
⊢ 0 ^ succ (succ h) = 0
","m : ℕ
⊢ 0 ^ succ m = 0
",No
zero_pow_succ,"  -- Next, we consider the inductive case, where we want to show that 0^succ(succ m) = 0. By the successor definition of the power function, we can write our goal as: 0^succ(m) * 0 = 0.","The natural language statement provided does not correspond to any new Lean code - it's an explanation of the current goal state. Therefore, there is no new line of Lean code to produce.",  rw[pow_succ],"case succ
h : ℕ
hd : 0 ^ succ h = 0
⊢ 0 ^ succ h * 0 = 0
","m : ℕ
⊢ 0 ^ succ m = 0
",No
zero_pow_succ,"  -- We see that we can apply our inductive hypothesis, that 0^succ(m) = 0, and our goal becomes: 0*0 = 0","The natural language statement provided does not correspond to a Lean action or command that updates the proof state. Therefore, no Lean code is required or possible for this step.",  rw[hd],"case succ
h : ℕ
hd : 0 ^ succ h = 0
⊢ 0 * 0 = 0
","m : ℕ
⊢ 0 ^ succ m = 0
",No
zero_pow_succ,"  -- Anything multiplied by zero is zero, so we simplify to: 0*0","I apologize for the confusion, but in this case, there is no line of Lean code corresponding to the natural language statement. The current state in Lean already matches the desired state, so no step is needed.",  rw[mul_zero],"case succ
h : ℕ
hd : 0 ^ succ h = 0
⊢ 0 = 0
","m : ℕ
⊢ 0 ^ succ m = 0
",No
zero_pow_succ,"  -- The lhs and rhs are identical, so we are done by reflexivity.",rfl,  rfl,,"m : ℕ
⊢ 0 ^ succ m = 0
",No
succ_eq_add_one,-- Rewrite on both RHS and LHS making n -> n + 0,rw [add_zero n] at *,rw [← add_zero n],"n : ℕ
⊢ succ (n + 0) = n + 0 + 1
",error,No
succ_eq_add_one,-- Rewrite on RHS making 1 -> succ 0,rw [one_eq_succ_zero],rw [one_eq_succ_zero],"n : ℕ
⊢ succ (n + 0) = n + 0 + succ 0
",error,Yes
succ_eq_add_one,-- Rewrite on RHS making n + 0 + succ(0) -> succ(n+0+0),"rw [add_succ, add_zero]",rw [add_succ],"n : ℕ
⊢ succ (n + 0) = succ (n + 0 + 0)
",error,No
succ_eq_add_one,-- Rewrite on RHS making n + 0 -> n,rw [add_zero],rw [add_zero (n+0)],"n : ℕ
⊢ succ (n + 0) = succ (n + 0)
",error,No
succ_eq_add_one,"-- succ(n+0) = succ(n+0), QED",rfl,rfl,,error,Yes
succ_eq_add_one,-- Rewrite RHS 1 -> succ(0),rw [add_zero],rw [one_eq_succ_zero],"n : ℕ
⊢ succ n = n + succ 0
",error,No
succ_eq_add_one,-- Rewrite both RHS and LHS n -> n + 0,"I'm sorry but without the proper goal state or initial lean state, it's not possible to create a specific Lean command for the situation. The statement ""Rewrite both RHS and LHS n -> n + 0"" is vague without this context.",rw [← add_zero n],"n : ℕ
⊢ succ (n + 0) = n + 0 + succ 0
",error,No
succ_eq_add_one,-- Rewrite RHS n + 0 + succ(0) -> succ(n + 0 + 0),rw [add_succ],rw [add_succ],"n : ℕ
⊢ succ (n + 0) = succ (n + 0 + 0)
",error,Yes
succ_eq_add_one,-- Rewrite LHS and RHS n + 0 -> n,rw [add_zero],rw [add_zero],"n : ℕ
⊢ succ n = succ (n + 0)
",error,Yes
succ_eq_add_one,-- Rewrite RHS n + 0 -> n,rw [add_zero],rw [add_zero],"n : ℕ
⊢ succ n = succ n
",error,Yes
succ_eq_add_one,"-- succ(n) = succ(n), QED",rfl,rfl,,error,Yes
add_right_eq_zero,"  -- We have two cases: b = 0, or b = succ d for some natural number d.",cases b with d,  cases b with d,"case zero
a : ℕ
⊢ a + 0 = 0 → a = 0
case succ
a d : ℕ
⊢ a + succ d = 0 → a = 0
","case zero
a : ℕ
⊢ a + 0 = 0 → a = 0
case succ
a d : ℕ
⊢ a + succ d = 0 → a = 0
",Yes
add_right_eq_zero,"  -- In the former case, we must show that a + 0 = 0 → a = 0, so we start by assuming that a + 0 = 0.",The lean code is indeed correct and corresponds to the given natural language statement. We are following the right step in the proof. The error might be in the predicted goal state and not in the provided Lean code.,  intro h,"case zero
a : ℕ
h : a + 0 = 0
⊢ a = 0
case succ
a d : ℕ
⊢ a + succ d = 0 → a = 0
","case zero
a : ℕ
⊢ a + 0 = 0 → a = 0
case succ
a d : ℕ
⊢ a + succ d = 0 → a = 0
",No
add_right_eq_zero,  -- We apply the theorem that n = 0 + n change a = 0 to a + 0 = 0.,The correct Lean code that formalizes the natural language instruction is not evident. The task might be misinterpreted or the instruction might be incorrect.,  rw [← add_zero a],"case zero
a : ℕ
h : a + 0 = 0
⊢ a + 0 = 0
case succ
a d : ℕ
⊢ a + succ d = 0 → a = 0
","case zero
a : ℕ
⊢ a + 0 = 0 → a = 0
case succ
a d : ℕ
⊢ a + succ d = 0 → a = 0
",No
add_right_eq_zero,"  -- So, a = 0, which concludes this case of the theorem.","The natural language statement ""-- So, a = 0, which concludes this case of the theorem."" does not correspond to a step in Lean. It is a comment about the progress of the proof and does not have a matching Lean command.",  exact h,"case succ
a d : ℕ
⊢ a + succ d = 0 → a = 0
","case zero
a : ℕ
⊢ a + 0 = 0 → a = 0
case succ
a d : ℕ
⊢ a + succ d = 0 → a = 0
",No
add_right_eq_zero,"  -- In the latter case, we must show that a + succ d = 0 → a = 0, so we start by assuming that a + succ d = 0.","The lean state already represents the natural language statement - ""In the latter case, we must show that a + succ d = 0 → a = 0, so we start by assuming that a + succ d = 0."" as it is. There is no requirement of an additional Lean code line for this step.",  intro h,"case succ
a d : ℕ
h : a + succ d = 0
⊢ a = 0
","case zero
a : ℕ
⊢ a + 0 = 0 → a = 0
case succ
a d : ℕ
⊢ a + succ d = 0 → a = 0
",No
add_right_eq_zero,"  -- Using the theorem that a + succ d = succ (a + d), we get that succ (a + d) = 0.",rw [add_succ] at h,  rw [add_succ] at h,"case succ
a d : ℕ
h : succ (a + d) = 0
⊢ a = 0
","case zero
a : ℕ
⊢ a + 0 = 0 → a = 0
case succ
a d : ℕ
⊢ a + succ d = 0 → a = 0
",No
add_right_eq_zero,"  -- By the symmetry of equality, we have that 0 = succ (a + d).",symm at h,  symm at h,"case succ
a d : ℕ
h : 0 = succ (a + d)
⊢ a = 0
","case zero
a : ℕ
⊢ a + 0 = 0 → a = 0
case succ
a d : ℕ
⊢ a + succ d = 0 → a = 0
",No
add_right_eq_zero,"  -- But since 0 is not the successor of anything, we have a contradiction/falsehood.","The statement provided is an explanation of the current state of the Lean proof, rather than a direction for a next step in the proof. It does not have a corresponding line of Lean code.",  apply zero_ne_succ at h,"case succ
a d : ℕ
h : False
⊢ a = 0
","case zero
a : ℕ
⊢ a + 0 = 0 → a = 0
case succ
a d : ℕ
⊢ a + succ d = 0 → a = 0
",No
add_right_eq_zero,"  -- Since a contradiction/falsehood implies anything, we are done.","As previously mentioned, the generic statement ""Since a contradiction/falsehood implies anything, we are done."" does not translate directly to a specific line of Lean code. This statement is a comment about proof strategy, not a step in the proof itself. Without a specific contradiction identified in the context, Lean tactics like `contradiction` or `exfalso` wouldn't apply. Without more specific context, a direct translation of this statement into Lean code is not possible.",  tauto,,"case zero
a : ℕ
⊢ a + 0 = 0 → a = 0
case succ
a d : ℕ
⊢ a + succ d = 0 → a = 0
",No
add_right_eq_zero,  -- Proof by induction on b,"I apologize for misunderstanding. The correct line of Lean code for ""Proof by induction on b"" should be ""induction b"".",  induction b with d hd,"case zero
a : ℕ
⊢ a + 0 = 0 → a = 0
case succ
a d : ℕ
hd : a + d = 0 → a = 0
⊢ a + succ d = 0 → a = 0
","a b : ℕ
⊢ a + b = 0 → a = 0
",No
add_right_eq_zero,"  -- For the base case, assume a + 0 = 0","As the natural language statement is already reflected in the current state of proof, there's no new Lean code needed for this particular statement.",  intro h,"case zero
a : ℕ
h : a + 0 = 0
⊢ a = 0
case succ
a d : ℕ
hd : a + d = 0 → a = 0
⊢ a + succ d = 0 → a = 0
","a b : ℕ
⊢ a + b = 0 → a = 0
",No
add_right_eq_zero,  -- a + 0 = 0 -> a = 0,"Since the given goal state is already presented as is, no code is needed to produce the goal state. However, if it is requested to approach the given natural language statement ""-- a + 0 = 0 --> a = 0"", the code would be:

assumption",  rw [add_zero] at h,"case zero
a : ℕ
h : a = 0
⊢ a = 0
case succ
a d : ℕ
hd : a + d = 0 → a = 0
⊢ a + succ d = 0 → a = 0
","a b : ℕ
⊢ a + b = 0 → a = 0
",No
add_right_eq_zero,"  -- a = 0, as desired",exact rfl,  exact h,"case succ
a d : ℕ
hd : a + d = 0 → a = 0
⊢ a + succ d = 0 → a = 0
","a b : ℕ
⊢ a + b = 0 → a = 0
",No
add_right_eq_zero,"  -- For the inductive step, assume a + succ d = 0",This statement is not a line of code and cannot be translated into Lean code. It is a comment explaining the context of the proof at this step.,  intro h,"case succ
a d : ℕ
hd : a + d = 0 → a = 0
h : a + succ d = 0
⊢ a = 0
","a b : ℕ
⊢ a + b = 0 → a = 0
",No
add_right_eq_zero,  -- a + succ d = 0 -> succ (a + d) = 0,"Apologies for the previous confusion. However, the statement ""a + succ d = 0 -> succ (a + d) = 0"" cannot be transformed directly into a Lean step, as it is directly derived from the basic principles of the arithmetic of natural numbers in Lean. This statement is essentially already known/understood by Lean and does not represent a discrete step in the proof. For this reason, there is no single line of Lean code that corresponds to this natural language statement that would advance the proof.",  rw [add_succ] at h,"case succ
a d : ℕ
hd : a + d = 0 → a = 0
h : succ (a + d) = 0
⊢ a = 0
","a b : ℕ
⊢ a + b = 0 → a = 0
",No
add_right_eq_zero,  -- succ (a + d) = 0 -> 0 = succ (a + d),"I'm sorry for the confusion, but given the current proof state and the natural language step, it isn't possible to create a line of Lean code that fits. The natural language step doesn't match with the current proof state.",  symm at h,"case succ
a d : ℕ
hd : a + d = 0 → a = 0
h : 0 = succ (a + d)
⊢ a = 0
","a b : ℕ
⊢ a + b = 0 → a = 0
",No
add_right_eq_zero,  -- 0 = succ (a + d) -> False,"I'm sorry, but the provided statement is a comment and cannot be directly converted into a Lean command. It doesn't change the Lean proof state. Therefore, I cannot provide the corrected line of Lean code based on this comment.",  apply zero_ne_succ at h,"case succ
a d : ℕ
hd : a + d = 0 → a = 0
h : False
⊢ a = 0
","a b : ℕ
⊢ a + b = 0 → a = 0
",No
add_right_eq_zero,  -- False -> anything,"I apologize for the confusion, I misunderstood the context. In this case, the statement ""False -> anything"" doesn't translate to a specific line of Lean code. This statement is more of a logical principle stating that from a false premise you can infer anything. But this principle is not directly used in Lean proofs. In Lean, you might reach a state where you need to show that False implies something, but you don't directly invoke this principle with a single line of code. Instead, you would usually use tactics to handle contradiction or absurdity such as `contradiction`, `exfalso`, or `cases`.  However, in this state, a specific tactic doesn't seem to be needed.",  cases h,,"a b : ℕ
⊢ a + b = 0 → a = 0
",No
zero_add,-- Induct on n,induction n with d hd,induction n with d hd,"case zero
⊢ 0 + 0 = 0
case succ
d : ℕ
hd : 0 + d = d
⊢ 0 + succ d = succ d
","case zero
⊢ 0 + 0 = 0
case succ
d : ℕ
hd : 0 + d = d
⊢ 0 + succ d = succ d
",Yes
zero_add,-- substitute 0 -> 0 + 0 into the RHS giving us 0 + 0 = 0 + 0,"I'm sorry, but the natural language statement ""-- substitute 0 -> 0 + 0 into the RHS giving us 0 + 0 = 0 + 0"" doesn't correspond to a valid Lean instruction in the current proof context. As such, there's no valid correction I can provide. An instruction to substitute 0 with 0 + 0 in the RHS doesn't apply or make logical sense in the given lean state. Hence, there is no corresponding Lean code to offer.",nth_rewrite 3 [← add_zero 0],"case zero
⊢ 0 + 0 = 0 + 0
case succ
d : ℕ
hd : 0 + d = d
⊢ 0 + succ d = succ d
","case zero
⊢ 0 + 0 = 0
case succ
d : ℕ
hd : 0 + d = d
⊢ 0 + succ d = succ d
",No
zero_add,"-- 0 + 0 = 0 + 0, completing base case",rfl,rfl,"case succ
d : ℕ
hd : 0 + d = d
⊢ 0 + succ d = succ d
","case zero
⊢ 0 + 0 = 0
case succ
d : ℕ
hd : 0 + d = d
⊢ 0 + succ d = succ d
",Yes
zero_add,-- 0 + succ d -> succ (0 + d) on LHS giving us succ (0 + d) = succ d,rw [add_succ],rw [add_succ],"case succ
d : ℕ
hd : 0 + d = d
⊢ succ (0 + d) = succ d
","case zero
⊢ 0 + 0 = 0
case succ
d : ℕ
hd : 0 + d = d
⊢ 0 + succ d = succ d
",Yes
zero_add,-- 0 + d -> d on LHS -> succ d = succ d,rw [hd],rw [hd],"case succ
d : ℕ
hd : 0 + d = d
⊢ succ d = succ d
","case zero
⊢ 0 + 0 = 0
case succ
d : ℕ
hd : 0 + d = d
⊢ 0 + succ d = succ d
",Yes
zero_add,"-- succ d = succ d, QED",rfl,rfl,,"case zero
⊢ 0 + 0 = 0
case succ
d : ℕ
hd : 0 + d = d
⊢ 0 + succ d = succ d
",Yes
zero_add,-- Begin by initiating induction on n,induction n with d hd,induction n with d hd,"case zero
⊢ 0 + 0 = 0
case succ
d : ℕ
hd : 0 + d = d
⊢ 0 + succ d = succ d
","case zero
⊢ 0 + 0 = 0
case succ
d : ℕ
hd : 0 + d = d
⊢ 0 + succ d = succ d
",Yes
zero_add,-- Using the properties of addition by 0 we can rewrite 0 + 0 to 0 on the LHS,rw [add_zero],rw [add_zero],"case zero
⊢ 0 = 0
case succ
d : ℕ
hd : 0 + d = d
⊢ 0 + succ d = succ d
","case zero
⊢ 0 = 0
case succ
d : ℕ
hd : 0 + d = d
⊢ 0 + succ d = succ d
",Yes
zero_add,"-- Since both sides are equal, we are done with the base case","I'm sorry, but there seems to be a miscommunication. The task seems to have an inconsistency between the provided Lean proof state and the natural language explanation. Specifically, the Lean state is in the middle of an inductive step, not the completion of a base case. The provided natural language statement corresponds to the `rfl` command in Lean, which is used to finalize a proof step when both sides of a goal are identical. However, in the provided Lean state, both sides of the goal are not identical. More context or corrections to the task may be needed to resolve this discrepancy.",rfl,"case succ
d : ℕ
hd : 0 + d = d
⊢ 0 + succ d = succ d
","case zero
⊢ 0 = 0
case succ
d : ℕ
hd : 0 + d = d
⊢ 0 + succ d = succ d
",No
zero_add,-- Now using properties of successors we can rewrite 0 + succ d to succ (0 + d) on the LHS getting succ (0 + d) = succ d,rw [add_succ],rw [add_succ],"case succ
d : ℕ
hd : 0 + d = d
⊢ succ (0 + d) = succ d
","case zero
⊢ 0 = 0
case succ
d : ℕ
hd : 0 + d = d
⊢ 0 + succ d = succ d
",Yes
zero_add,-- Using the induction hypothesis we can rewrite succ (0 + d) to succ d,rw [hd],rw [hd],"case succ
d : ℕ
hd : 0 + d = d
⊢ succ d = succ d
","case zero
⊢ 0 = 0
case succ
d : ℕ
hd : 0 + d = d
⊢ 0 + succ d = succ d
",Yes
zero_add,"-- Since both sides are equal, we are done with the proof",rfl,rfl,,"case zero
⊢ 0 = 0
case succ
d : ℕ
hd : 0 + d = d
⊢ 0 + succ d = succ d
",Yes
